{"count":1,"self":102.0226304,"total":103.01928,"children":{"InitializeActuators":{"count":1,"self":0.0009756,"total":0.0009756,"children":null},"InitializeSensors":{"count":1,"self":0.0040003999999999994,"total":0.0040003999999999994,"children":null},"AgentSendState":{"count":1504,"self":0.0303634,"total":0.051361199999999996,"children":{"CollectObservations":{"count":151,"self":0.0039981,"total":0.0039981,"children":null},"WriteActionMask":{"count":151,"self":0.0020022,"total":0.0020022,"children":null},"RequestDecision":{"count":151,"self":0.014997499999999999,"total":0.014997499999999999,"children":null}}},"DecideAction":{"count":1504,"self":0.77998519999999993,"total":0.86538719999999991,"children":{"RayPerceptionSensor.Perceive":{"count":302,"self":0.085401999999999992,"total":0.085401999999999992,"children":null}}},"AgentAct":{"count":1504,"self":0.0749234,"total":0.0749234,"children":null}},"gauges":{"CarBehavior.CumulativeReward":{"count":2,"max":0.0148903141,"min":0.007242678,"runningAverage":0.0110664964,"value":0.007242678,"weightedAverage":0.0129784048}},"metadata":{"timer_format_version":"0.1.0","start_time_seconds":"1673209324","unity_version":"2021.3.10f1","command_line_arguments":"D:\\Unity\\2021.3.10f1\\Editor\\Unity.exe -projectpath C:\\Users\\Mateusz\\Pulpit\\GitHub\\Self-Parking Car -useHub -hubIPC -cloudEnvironment production -licensingIpc LicenseClient-Mateusz -hubSessionId bfcf4c20-8f76-11ed-9c8d-5f5b716c114c -accessToken AYeMQnHUxbUDGdk2ARlPTISs9gBTh5_9sWs59VpkwRg007f","communication_protocol_version":"1.5.0","com.unity.ml-agents_version":"2.0.1","scene_name":"ChooseMap","end_time_seconds":"1673209427"}}