{"count":1,"self":40.229779199999996,"total":40.882249099999996,"children":{"InitializeActuators":{"count":1,"self":0.0069999999999999993,"total":0.0069999999999999993,"children":null},"InitializeSensors":{"count":1,"self":0.0220012,"total":0.0220012,"children":null},"AgentSendState":{"count":1033,"self":0.027003,"total":0.09100599999999999,"children":{"CollectObservations":{"count":104,"self":0.0030015999999999997,"total":0.0030015999999999997,"children":null},"WriteActionMask":{"count":104,"self":0.0020007,"total":0.0020007,"children":null},"RequestDecision":{"count":104,"self":0.059000699999999996,"total":0.059000699999999996,"children":null}}},"DecideAction":{"count":1033,"self":0.45609059999999996,"total":0.4870985,"children":{"RayPerceptionSensor.Perceive":{"count":208,"self":0.031007899999999998,"total":0.031007899999999998,"children":null}}},"AgentAct":{"count":1033,"self":0.0453635,"total":0.0453635,"children":null}},"gauges":{},"metadata":{"timer_format_version":"0.1.0","start_time_seconds":"1672856770","unity_version":"2021.3.10f1","command_line_arguments":"D:\\Unity\\2021.3.10f1\\Editor\\Unity.exe -projectpath C:\\Users\\Mateusz\\Pulpit\\GitHub\\Self-Parking Car -useHub -hubIPC -cloudEnvironment production -licensingIpc LicenseClient-Mateusz -hubSessionId b2cc7910-8c3a-11ed-a882-113f0bdf0ca0 -accessToken Aac55S8sEZ2iRJfGrxREUu_9lN4NcIco1kMK6wird_U007f","communication_protocol_version":"1.5.0","com.unity.ml-agents_version":"2.0.1","scene_name":"ChooseMap","end_time_seconds":"1672856811"}}