{"count":1,"self":43.454246399999995,"total":44.138186499999996,"children":{"InitializeActuators":{"count":1,"self":0.0099998999999999991,"total":0.0099998999999999991,"children":null},"InitializeSensors":{"count":1,"self":0.0189994,"total":0.0189994,"children":null},"AgentSendState":{"count":747,"self":0.0290294,"total":0.0900286,"children":{"CollectObservations":{"count":75,"self":0.0020005,"total":0.0020005,"children":null},"WriteActionMask":{"count":75,"self":0.0010007,"total":0.0010007,"children":null},"RequestDecision":{"count":75,"self":0.057997999999999994,"total":0.057997999999999994,"children":null}}},"DecideAction":{"count":747,"self":0.45562349999999996,"total":0.5288938,"children":{"RayPerceptionSensor.Perceive":{"count":150,"self":0.0732703,"total":0.0732703,"children":null}}},"AgentAct":{"count":747,"self":0.036017299999999995,"total":0.036017299999999995,"children":null}},"gauges":{"CarBehavior.CumulativeReward":{"count":4,"max":0.0280464124,"min":-0.00186732772,"runningAverage":0.009536836,"value":0.00093175,"weightedAverage":0.0132669033}},"metadata":{"timer_format_version":"0.1.0","start_time_seconds":"1673209483","unity_version":"2021.3.10f1","command_line_arguments":"D:\\Unity\\2021.3.10f1\\Editor\\Unity.exe -projectpath C:\\Users\\Mateusz\\Pulpit\\GitHub\\Self-Parking Car -useHub -hubIPC -cloudEnvironment production -licensingIpc LicenseClient-Mateusz -hubSessionId bfcf4c20-8f76-11ed-9c8d-5f5b716c114c -accessToken AYeMQnHUxbUDGdk2ARlPTISs9gBTh5_9sWs59VpkwRg007f","communication_protocol_version":"1.5.0","com.unity.ml-agents_version":"2.0.1","scene_name":"InitTestScene638088099261695085","end_time_seconds":"1673209527"}}