{"count":1,"self":1793.0905599999999,"total":3090.2690958,"children":{"InitializeActuators":{"count":9,"self":0.0019998999999999998,"total":0.0019998999999999998,"children":null},"InitializeSensors":{"count":9,"self":0.0024958999999999997,"total":0.0024958999999999997,"children":null},"AgentSendState":{"count":569651,"self":22.207016,"total":32.7610605,"children":{"CollectObservations":{"count":512694,"self":2.6453569999999997,"total":2.6453569999999997,"children":null},"WriteActionMask":{"count":512694,"self":0.3425687,"total":0.3425687,"children":null},"RequestDecision":{"count":512694,"self":1.2802844,"total":7.5661187,"children":{"AgentInfo.ToProto":{"count":512694,"self":1.097659,"total":6.2858342999999994,"children":{"GenerateSensorData":{"count":512694,"self":4.351824,"total":5.1881753,"children":{"RayPerceptionSensor.Perceive":{"count":1025388,"self":0.8363512,"total":0.8363512,"children":null}}}}}}}}},"DecideAction":{"count":569651,"self":797.9729408,"total":797.9729506,"children":null},"AgentAct":{"count":569651,"self":466.15055359999997,"total":466.42891269999996,"children":{"AgentInfo.ToProto":{"count":9640,"self":0.0639146,"total":0.2783443,"children":{"GenerateSensorData":{"count":9640,"self":0.1719434,"total":0.2144297,"children":{"RayPerceptionSensor.Perceive":{"count":19280,"self":0.0424863,"total":0.0424863,"children":null}}}}}}},"AgentInfo.ToProto":{"count":338,"self":0.0025099,"total":0.0100184,"children":{"GenerateSensorData":{"count":338,"self":0.0055,"total":0.0075084999999999995,"children":{"RayPerceptionSensor.Perceive":{"count":676,"self":0.0020085,"total":0.0020085,"children":null}}}}}},"gauges":{"CarBehavior.CumulativeReward":{"count":9978,"max":1.00000024,"min":-0.05105611,"runningAverage":0.9588786,"value":0.999995649,"weightedAverage":0.9956044}},"metadata":{"timer_format_version":"0.1.0","start_time_seconds":"1673704568","unity_version":"2021.3.10f1","command_line_arguments":"C:\\Program Files\\Unity\\Hub\\Editor\\2021.3.10f1\\Editor\\Unity.exe -projectpath C:\\git\\Self-Parking-Car -useHub -hubIPC -cloudEnvironment production -licensingIpc LicenseClient-jakub -hubSessionId 445aaa70-928d-11ed-85bc-dda2ffbd079a -accessToken D10xhaTGHq9dRRxySiRgvvCiWnfFvBDQlGcb4m-swL0007f","communication_protocol_version":"1.5.0","com.unity.ml-agents_version":"2.0.1","scene_name":"multipleTraining","end_time_seconds":"1673707658"}}